posmut,SNVID,pos,mut,ref,alt,nmice,ncells,nmitos
1224:A>G,SNV12,1224,A>G,A,G,3,5,5
1224:A>T,SNV12,1224,A>T,A,T,1,1,1
1225:G>A,SNV12,1225,G>A,G,A,1,1,1
1226:A>G,SNV12,1226,A>G,A,G,1,1,1
1228:G>A,SNV12,1228,G>A,G,A,3,4,5
1228:G>T,SNV12,1228,G>T,G,T,1,1,1
1229:A>G,SNV12,1229,A>G,A,G,3,4,4
1231:A>G,SNV12,1231,A>G,A,G,2,2,2
1232:G>A,SNV12,1232,G>A,G,A,1,1,1
1232:G>T,SNV12,1232,G>T,G,T,1,1,1
1233:A>G,SNV12,1233,A>G,A,G,2,2,4
1235:T>C,SNV12,1235,T>C,T,C,1,1,1
1235:T>G,SNV12,1235,T>G,T,G,1,1,1
1237:A>G,SNV12,1237,A>G,A,G,2,2,2
1237:A>T,SNV12,1237,A>T,A,T,1,1,1
1238:T>A,SNV12,1238,T>A,T,A,1,1,1
1241:A>G,SNV12,1241,A>G,A,G,1,1,1
1243:A>G,SNV12,1243,A>G,A,G,3,3,3
1244:G>A,SNV12,1244,G>A,G,A,3,3,3
1244:G>C,SNV12,1244,G>C,G,C,1,1,1
1247:A>G,SNV12,1247,A>G,A,G,1,1,1
1248:G>A,SNV12,1248,G>A,G,A,1,1,1
1248:G>T,SNV12,1248,G>T,G,T,1,2,2
1249:A>G,SNV12,1249,A>G,A,G,1,1,1
1251:C>T,SNV12,1251,C>T,C,T,2,2,2
1252:A>G,SNV12,1252,A>G,A,G,1,1,1
1253:A>G,SNV12,1253,A>G,A,G,5,5,5
1254:G>A,SNV12,1254,G>A,G,A,2,3,3
1255:C>T,SNV12,1255,C>T,C,T,1,1,1
1256:A>G,SNV12,1256,A>G,A,G,2,2,2
1257:A>G,SNV12,1257,A>G,A,G,1,1,1
1259:G>T,SNV12,1259,G>T,G,T,2,2,2
1260:A>G,SNV12,1260,A>G,A,G,1,1,1
1261:T>C,SNV12,1261,T>C,T,C,1,1,1
1265:A>C,SNV12,1265,A>C,A,C,1,1,1
1265:A>G,SNV12,1265,A>G,A,G,3,4,4
1266:C>T,SNV12,1266,C>T,C,T,2,2,2
1267:C>A,SNV12,1267,C>A,C,A,1,1,1
1268:T>C,SNV12,1268,T>C,T,C,2,3,3
1269:T>C,SNV12,1269,T>C,T,C,2,2,2
1270:G>A,SNV12,1270,G>A,G,A,2,3,3
1271:T>C,SNV12,1271,T>C,T,C,1,1,1
1272:A>G,SNV12,1272,A>G,A,G,2,2,2
1273:C>T,SNV12,1273,C>T,C,T,2,2,2
1274:C>T,SNV12,1274,C>T,C,T,2,2,2
1275:T>C,SNV12,1275,T>C,T,C,3,3,3
1276:T>C,SNV12,1276,T>C,T,C,1,1,1
1277:T>C,SNV12,1277,T>C,T,C,1,2,2
1278:T>C,SNV12,1278,T>C,T,C,2,2,2
1279:G>T,SNV12,1279,G>T,G,T,1,1,1
1280:C>T,SNV12,1280,C>T,C,T,3,3,3
1282:T>C,SNV12,1282,T>C,T,C,2,2,2
1283:A>G,SNV12,1283,A>G,A,G,1,1,1
1286:G>C,SNV12,1286,G>C,G,C,1,1,1
1287:A>G,SNV12,1287,A>G,A,G,1,1,1
1288:A>G,SNV12,1288,A>G,A,G,3,4,4
1290:T>A,SNV12,1290,T>A,T,A,1,1,1
1291:A>G,SNV12,1291,A>G,A,G,2,3,3
1292:A>G,SNV12,1292,A>G,A,G,1,1,1
1293:C>T,SNV12,1293,C>T,C,T,1,1,1
1294:T>C,SNV12,1294,T>C,T,C,2,3,3
1295:A>G,SNV12,1295,A>G,A,G,1,1,1
1296:G>A,SNV12,1296,G>A,G,A,1,1,1
1296:G>T,SNV12,1296,G>T,G,T,2,2,2
1297:A>G,SNV12,1297,A>G,A,G,1,1,1
1298:A>G,SNV12,1298,A>G,A,G,2,2,2
1299:A>G,SNV12,1299,A>G,A,G,1,1,1
1302:T>C,SNV12,1302,T>C,T,C,5,5,5
1303:T>C,SNV12,1303,T>C,T,C,1,1,1
1305:T>C,SNV12,1305,T>C,T,C,2,2,2
1306:A>C,SNV12,1306,A>C,A,C,1,1,1
1306:A>G,SNV12,1306,A>G,A,G,1,1,1
1307:A>G,SNV12,1307,A>G,A,G,1,1,1
1309:T>C,SNV12,1309,T>C,T,C,1,1,1
1311:A>G,SNV12,1311,A>G,A,G,2,2,3
1312:A>C,SNV12,1312,A>C,A,C,1,1,1
1314:G>A,SNV12,1314,G>A,G,A,1,1,1
1316:A>G,SNV12,1316,A>G,A,G,1,1,1
1319:A>G,SNV12,1319,A>G,A,G,2,2,2
1320:C>T,SNV12,1320,C>T,C,T,1,1,1
1321:A>C,SNV12,1321,A>C,A,C,1,1,1
1321:A>G,SNV12,1321,A>G,A,G,1,1,1
1323:C>G,SNV12,1323,C>G,C,G,1,1,1
1325:A>T,SNV12,1325,A>T,A,T,1,1,1
1326:G>T,SNV12,1326,G>T,G,T,1,1,1
1327:A>C,SNV12,1327,A>C,A,C,1,1,1
1328:A>G,SNV12,1328,A>G,A,G,4,4,4
1329:A>C,SNV12,1329,A>C,A,C,2,2,2
1329:A>G,SNV12,1329,A>G,A,G,4,5,5
1330:C>T,SNV12,1330,C>T,C,T,1,1,1
2615:T>C,SNV10,2615,T>C,T,C,1,1,1
2619:T>C,SNV10,2619,T>C,T,C,1,1,1
2620:T>C,SNV10,2620,T>C,T,C,1,1,1
2622:A>G,SNV10,2622,A>G,A,G,1,1,1
2624:G>A,SNV10,2624,G>A,G,A,1,1,1
2625:A>G,SNV10,2625,A>G,A,G,2,2,2
2626:A>G,SNV10,2626,A>G,A,G,1,1,1
2628:A>G,SNV10,2628,A>G,A,G,1,1,1
2628:A>del,SNV10,2628,A>del,A,del,1,1,1
2630:A>G,SNV10,2630,A>G,A,G,1,2,2
2631:A>G,SNV10,2631,A>G,A,G,4,5,5
2633:C>G,SNV10,2633,C>G,C,G,1,1,1
2633:C>T,SNV10,2633,C>T,C,T,1,2,2
2634:T>C,SNV10,2634,T>C,T,C,1,1,1
2635:A>G,SNV10,2635,A>G,A,G,2,2,2
2636:A>G,SNV10,2636,A>G,A,G,2,2,2
2637:A>G,SNV10,2637,A>G,A,G,2,2,2
2640:A>G,SNV10,2640,A>G,A,G,1,1,1
2641:A>G,SNV10,2641,A>G,A,G,2,2,2
2642:A>G,SNV10,2642,A>G,A,G,3,3,3
2644:A>C,SNV10,2644,A>C,A,C,1,1,1
2644:A>G,SNV10,2644,A>G,A,G,1,1,1
2646:A>G,SNV10,2646,A>G,A,G,2,2,2
2647:T>C,SNV10,2647,T>C,T,C,1,1,1
2649:C>T,SNV10,2649,C>T,C,T,2,3,3
2650:G>A,SNV10,2650,G>A,G,A,1,1,1
2652:A>G,SNV10,2652,A>G,A,G,2,2,2
2653:C>A,SNV10,2653,C>A,C,A,1,1,1
2653:C>T,SNV10,2653,C>T,C,T,2,2,2
2655:C>T,SNV10,2655,C>T,C,T,2,2,2
2656:C>A,SNV10,2656,C>A,C,A,1,1,1
2656:C>T,SNV10,2656,C>T,C,T,2,2,2
2657:C>A,SNV10,2657,C>A,C,A,2,4,5
2659:C>A,SNV10,2659,C>A,C,A,1,1,1
2659:C>G,SNV10,2659,C>G,C,G,1,1,1
2659:C>T,SNV10,2659,C>T,C,T,3,3,3
2660:T>C,SNV10,2660,T>C,T,C,1,1,1
2661:A>G,SNV10,2661,A>G,A,G,1,1,1
2662:A>G,SNV10,2662,A>G,A,G,3,3,3
2663:C>A,SNV10,2663,C>A,C,A,1,1,1
2664:C>G,SNV10,2664,C>G,C,G,1,1,1
2665:T>C,SNV10,2665,T>C,T,C,1,1,1
2666:A>G,SNV10,2666,A>G,A,G,1,1,1
2667:G>T,SNV10,2667,G>T,G,T,1,1,1
2670:A>G,SNV10,2670,A>G,A,G,1,1,1
2671:A>G,SNV10,2671,A>G,A,G,2,2,2
2671:A>T,SNV10,2671,A>T,A,T,1,1,1
2672:G>A,SNV10,2672,G>A,G,A,2,2,2
2672:G>T,SNV10,2672,G>T,G,T,1,1,1
2673:G>A,SNV10,2673,G>A,G,A,2,2,2
2675:T>C,SNV10,2675,T>C,T,C,1,1,1
2676:A>G,SNV10,2676,A>G,A,G,2,2,2
2679:A>C,SNV10,2679,A>C,A,C,1,1,1
2679:A>G,SNV10,2679,A>G,A,G,3,3,3
2680:G>A,SNV10,2680,G>A,G,A,2,3,3
2680:G>T,SNV10,2680,G>T,G,T,1,1,1
2681:G>A,SNV10,2681,G>A,G,A,1,1,1
2682:G>A,SNV10,2682,G>A,G,A,3,3,3
2683:T>A,SNV10,2683,T>A,T,A,1,1,1
2684:G>A,SNV10,2684,G>A,G,A,1,1,1
2685:G>A,SNV10,2685,G>A,G,A,1,1,1
2686:C>T,SNV10,2686,C>T,C,T,1,1,1
2687:A>G,SNV10,2687,A>G,A,G,3,3,3
2688:G>A,SNV10,2688,G>A,G,A,1,1,1
2688:G>T,SNV10,2688,G>T,G,T,1,1,1
2689:A>G,SNV10,2689,A>G,A,G,3,4,4
2691:C>T,SNV10,2691,C>T,C,T,4,4,4
2692:C>T,SNV10,2692,C>T,C,T,4,4,4
2693:A>G,SNV10,2693,A>G,A,G,1,1,1
2694:G>A,SNV10,2694,G>A,G,A,1,2,2
2695:G>A,SNV10,2695,G>A,G,A,1,1,1
2695:G>T,SNV10,2695,G>T,G,T,1,1,1
2696:A>G,SNV10,2696,A>G,A,G,1,1,1
2697:A>G,SNV10,2697,A>G,A,G,1,1,1
2698:A>G,SNV10,2698,A>G,A,G,1,2,2
2702:C>T,SNV10,2702,C>T,C,T,2,3,3
2703:G>A,SNV10,2703,G>A,G,A,1,1,1
2704:T>A,SNV10,2704,T>A,T,A,1,1,1
2704:T>C,SNV10,2704,T>C,T,C,2,2,2
2706:A>G,SNV10,2706,A>G,A,G,1,1,1
2707:G>A,SNV10,2707,G>A,G,A,1,1,1
2707:G>T,SNV10,2707,G>T,G,T,2,2,2
2708:A>G,SNV10,2708,A>G,A,G,4,5,5
2709:C>T,SNV10,2709,C>T,C,T,2,2,2
2710:T>C,SNV10,2710,T>C,T,C,2,2,2
2712:A>G,SNV10,2712,A>G,A,G,1,1,1
2713:A>G,SNV10,2713,A>G,A,G,1,1,1
2715:A>G,SNV10,2715,A>G,A,G,3,3,3
2717:C>T,SNV10,2717,C>T,C,T,2,2,2
2718:T>C,SNV10,2718,T>C,T,C,1,1,1
2719:T>C,SNV10,2719,T>C,T,C,1,1,1
2719:T>G,SNV10,2719,T>G,T,G,1,1,1
2720:G>A,SNV10,2720,G>A,G,A,1,1,1
2721:T>C,SNV10,2721,T>C,T,C,1,2,2
2722:T>C,SNV10,2722,T>C,T,C,2,2,2
2723:C>A,SNV10,2723,C>A,C,A,1,1,1
2723:C>T,SNV10,2723,C>T,C,T,2,2,3
2724:C>A,SNV10,2724,C>A,C,A,1,1,1
2724:C>T,SNV10,2724,C>T,C,T,2,2,2
2725:C>A,SNV10,2725,C>A,C,A,1,1,1
2725:C>T,SNV10,2725,C>T,C,T,3,3,3
2726:A>G,SNV10,2726,A>G,A,G,4,4,4
2727:G>A,SNV10,2727,G>A,G,A,1,1,1
2992:T>C,SNV7,2992,T>C,T,C,4,4,4
2993:A>G,SNV7,2993,A>G,A,G,2,2,2
2994:G>A,SNV7,2994,G>A,G,A,3,3,3
2994:G>T,SNV7,2994,G>T,G,T,1,1,1
3002:T>C,SNV7,3002,T>C,T,C,3,3,3
3003:C>T,SNV7,3003,C>T,C,T,2,2,2
3006:T>C,SNV7,3006,T>C,T,C,1,1,1
3006:T>G,SNV7,3006,T>G,T,G,1,1,1
3007:G>A,SNV7,3007,G>A,G,A,1,1,1
3007:G>T,SNV7,3007,G>T,G,T,1,1,1
3008:A>G,SNV7,3008,A>G,A,G,3,4,4
3009:G>A,SNV7,3009,G>A,G,A,1,1,1
3010:T>C,SNV7,3010,T>C,T,C,1,1,1
3011:T>C,SNV7,3011,T>C,T,C,1,1,1
3012:C>A,SNV7,3012,C>A,C,A,1,1,1
3013:C>T,SNV7,3013,C>T,C,T,3,3,3
3014:C>T,SNV7,3014,C>T,C,T,1,1,1
3015:C>A,SNV7,3015,C>A,C,A,1,1,1
3016:T>C,SNV7,3016,T>C,T,C,2,2,2
3017:A>G,SNV7,3017,A>G,A,G,1,1,1
3020:A>G,SNV7,3020,A>G,A,G,3,3,3
3021:A>G,SNV7,3021,A>G,A,G,2,2,2
3026:A>G,SNV7,3026,A>G,A,G,1,1,1
3027:C>T,SNV7,3027,C>T,C,T,2,2,2
3028:A>G,SNV7,3028,A>G,A,G,5,7,7
3030:C>A,SNV7,3030,C>A,C,A,1,1,1
3030:C>T,SNV7,3030,C>T,C,T,2,2,2
3031:C>T,SNV7,3031,C>T,C,T,2,2,2
3033:T>C,SNV7,3033,T>C,T,C,1,3,3
3034:T>C,SNV7,3034,T>C,T,C,1,1,1
3035:A>G,SNV7,3035,A>G,A,G,1,1,1
3037:T>C,SNV7,3037,T>C,T,C,1,1,1
3041:T>C,SNV7,3041,T>C,T,C,1,1,1
3042:T>C,SNV7,3042,T>C,T,C,1,1,1
3045:A>G,SNV7,3045,A>G,A,G,2,2,2
3046:A>G,SNV7,3046,A>G,A,G,1,2,2
3047:C>T,SNV7,3047,C>T,C,T,1,1,1
3048:C>T,SNV7,3048,C>T,C,T,1,1,1
3050:A>G,SNV7,3050,A>G,A,G,1,1,1
3051:G>T,SNV7,3051,G>T,G,T,3,3,6
3052:G>A,SNV7,3052,G>A,G,A,1,1,1
3052:G>T,SNV7,3052,G>T,G,T,2,2,2
3054:A>G,SNV7,3054,A>G,A,G,4,4,4
3057:T>C,SNV7,3057,T>C,T,C,1,1,1
3058:T>C,SNV7,3058,T>C,T,C,1,1,1
3061:T>C,SNV7,3061,T>C,T,C,1,1,1
3062:T>C,SNV7,3062,T>C,T,C,1,1,1
3065:T>C,SNV7,3065,T>C,T,C,2,3,3
3067:T>C,SNV7,3067,T>C,T,C,1,1,1
3068:A>G,SNV7,3068,A>G,A,G,1,1,1
3068:A>T,SNV7,3068,A>T,A,T,1,1,1
3069:G>A,SNV7,3069,G>A,G,A,3,3,4
3070:C>T,SNV7,3070,C>T,C,T,1,1,1
3072:A>G,SNV7,3072,A>G,A,G,2,2,2
3074:A>G,SNV7,3074,A>G,A,G,3,3,3
3075:T>C,SNV7,3075,T>C,T,C,2,2,2
3076:C>A,SNV7,3076,C>A,C,A,2,2,2
3076:C>T,SNV7,3076,C>T,C,T,1,1,1
3077:T>C,SNV7,3077,T>C,T,C,1,1,1
3078:A>G,SNV7,3078,A>G,A,G,2,2,2
3080:C>T,SNV7,3080,C>T,C,T,1,1,1
3081:C>A,SNV7,3081,C>A,C,A,2,2,2
3081:C>T,SNV7,3081,C>T,C,T,2,2,2
3084:T>C,SNV7,3084,T>C,T,C,2,3,3
3086:A>G,SNV7,3086,A>G,A,G,1,1,1
3088:T>C,SNV7,3088,T>C,T,C,4,4,4
3089:T>C,SNV7,3089,T>C,T,C,1,1,1
3091:A>G,SNV7,3091,A>G,A,G,1,1,1
3092:C>T,SNV7,3092,C>T,C,T,1,1,1
3095:C>A,SNV7,3095,C>A,C,A,1,1,1
3095:C>T,SNV7,3095,C>T,C,T,2,2,2
3097:T>C,SNV7,3097,T>C,T,C,2,3,3
3098:T>C,SNV7,3098,T>C,T,C,1,1,1
3099:C>T,SNV7,3099,C>T,C,T,2,2,2
3100:T>A,SNV7,3100,T>A,T,A,1,1,1
3100:T>C,SNV7,3100,T>C,T,C,1,1,1
3102:T>C,SNV7,3102,T>C,T,C,1,1,1
3103:G>A,SNV7,3103,G>A,G,A,1,1,1
3104:A>G,SNV7,3104,A>G,A,G,1,1,1
3104:A>T,SNV7,3104,A>T,A,T,2,3,4
3106:C>A,SNV7,3106,C>A,C,A,2,2,2
3106:C>T,SNV7,3106,C>T,C,T,1,1,1
3772:C>T,SNV5,3772,C>T,C,T,1,1,1
3775:G>C,SNV5,3775,G>C,G,C,1,1,1
3777:A>G,SNV5,3777,A>G,A,G,1,1,1
3778:C>T,SNV5,3778,C>T,C,T,1,1,1
3780:A>G,SNV5,3780,A>G,A,G,1,1,1
3781:T>C,SNV5,3781,T>C,T,C,1,1,1
3782:A>C,SNV5,3782,A>C,A,C,1,1,1
3783:G>A,SNV5,3783,G>A,G,A,1,1,1
3783:G>T,SNV5,3783,G>T,G,T,1,1,1
3784:G>A,SNV5,3784,G>A,G,A,1,1,1
3788:T>C,SNV5,3788,T>C,T,C,1,1,1
3789:G>A,SNV5,3789,G>A,G,A,1,1,1
3791:A>G,SNV5,3791,A>G,A,G,5,5,7
3794:T>C,SNV5,3794,T>C,T,C,1,1,1
3799:T>C,SNV5,3799,T>C,T,C,1,1,1
3800:T>C,SNV5,3800,T>C,T,C,1,1,1
3802:A>G,SNV5,3802,A>G,A,G,2,2,2
3818:C>T,SNV5,3818,C>T,C,T,2,2,2
3819:G>A,SNV5,3819,G>A,G,A,1,1,1
3821:G>A,SNV5,3821,G>A,G,A,1,1,1
3822:C>T,SNV5,3822,C>T,C,T,1,1,1
3824:A>G,SNV5,3824,A>G,A,G,2,2,2
3825:C>T,SNV5,3825,C>T,C,T,1,1,1
3828:A>G,SNV5,3828,A>G,A,G,1,1,1
3831:C>T,SNV5,3831,C>T,C,T,2,2,2
3834:C>A,SNV5,3834,C>A,C,A,1,1,1
3834:C>T,SNV5,3834,C>T,C,T,1,1,1
3835:T>C,SNV5,3835,T>C,T,C,1,1,1
3839:C>T,SNV5,3839,C>T,C,T,1,1,1
3840:C>A,SNV5,3840,C>A,C,A,1,1,1
3843:A>G,SNV5,3843,A>G,A,G,2,2,2
3844:T>C,SNV5,3844,T>C,T,C,1,1,1
3849:A>C,SNV5,3849,A>C,A,C,1,1,1
3850:G>A,SNV5,3850,G>A,G,A,1,1,1
3851:G>A,SNV5,3851,G>A,G,A,1,1,1
3856:C>T,SNV5,3856,C>T,C,T,1,1,1
3858:A>G,SNV5,3858,A>G,A,G,2,2,2
3860:T>C,SNV5,3860,T>C,T,C,1,1,1
3861:T>C,SNV5,3861,T>C,T,C,1,1,2
3863:A>T,SNV5,3863,A>T,A,T,1,1,1
3869:C>T,SNV5,3869,C>T,C,T,4,5,7
3870:G>A,SNV5,3870,G>A,G,A,2,2,2
3870:G>T,SNV5,3870,G>T,G,T,1,2,2
3872:G>A,SNV5,3872,G>A,G,A,2,2,3
3872:G>T,SNV5,3872,G>T,G,T,1,1,1
6430:A>C,SNV4,6430,A>C,A,C,10,31,126
6430:A>del,SNV4,6430,A>del,A,del,1,1,1
6431:C>T,SNV4,6431,C>T,C,T,2,3,3
6432:G>C,SNV4,6432,G>C,G,C,8,27,105
6433:A>G,SNV4,6433,A>G,A,G,2,2,2
6434:T>G,SNV4,6434,T>G,T,G,1,1,1
6436:C>A,SNV4,6436,C>A,C,A,1,1,1
6436:C>T,SNV4,6436,C>T,C,T,1,1,2
6437:A>G,SNV4,6437,A>G,A,G,1,1,1
6439:A>G,SNV4,6439,A>G,A,G,1,1,2
6443:T>C,SNV4,6443,T>C,T,C,2,3,4
6444:G>A,SNV4,6444,G>A,G,A,1,1,1
6446:A>G,SNV4,6446,A>G,A,G,2,2,3
6448:T>C,SNV4,6448,T>C,T,C,1,1,1
6449:A>G,SNV4,6449,A>G,A,G,1,1,1
6450:G>A,SNV4,6450,G>A,G,A,2,2,2
6451:C>T,SNV4,6451,C>T,C,T,2,2,2
6455:T>del,SNV4,6455,T>del,T,del,1,1,1
6456:T>C,SNV4,6456,T>C,T,C,2,2,2
6458:C>T,SNV4,6458,C>T,C,T,1,1,1
6459:C>T,SNV4,6459,C>T,C,T,1,1,1
6460:A>G,SNV4,6460,A>G,A,G,1,1,1
6461:C>A,SNV4,6461,C>A,C,A,1,1,1
6461:C>T,SNV4,6461,C>T,C,T,1,1,1
6463:A>G,SNV4,6463,A>G,A,G,1,1,1
6464:T>C,SNV4,6464,T>C,T,C,1,1,1
6467:T>C,SNV4,6467,T>C,T,C,1,2,2
6468:C>T,SNV4,6468,C>T,C,T,1,1,1
6471:T>C,SNV4,6471,T>C,T,C,2,2,2
6472:C>A,SNV4,6472,C>A,C,A,2,2,3
6476:G>A,SNV4,6476,G>A,G,A,2,2,2
6476:G>C,SNV4,6476,G>C,G,C,1,1,1
6477:G>A,SNV4,6477,G>A,G,A,1,1,1
6478:G>A,SNV4,6478,G>A,G,A,1,1,1
6480:G>A,SNV4,6480,G>A,G,A,1,1,1
6480:G>T,SNV4,6480,G>T,G,T,1,1,1
6481:C>T,SNV4,6481,C>T,C,T,2,2,2
6482:A>G,SNV4,6482,A>G,A,G,1,2,2
6484:T>C,SNV4,6484,T>C,T,C,3,3,3
6488:T>C,SNV4,6488,T>C,T,C,1,1,1
6489:G>A,SNV4,6489,G>A,G,A,2,2,2
6495:A>C,SNV4,6495,A>C,A,C,1,1,1
6495:A>G,SNV4,6495,A>G,A,G,1,1,2
6496:T>C,SNV4,6496,T>C,T,C,1,1,1
6499:C>A,SNV4,6499,C>A,C,A,1,1,1
6500:A>G,SNV4,6500,A>G,A,G,2,3,3
6507:G>A,SNV4,6507,G>A,G,A,1,1,1
6508:T>A,SNV4,6508,T>A,T,A,1,1,1
6508:T>C,SNV4,6508,T>C,T,C,1,1,1
6510:C>A,SNV4,6510,C>A,C,A,1,1,1
6510:C>T,SNV4,6510,C>T,C,T,2,2,2
6514:G>A,SNV4,6514,G>A,G,A,1,1,1
6518:C>T,SNV4,6518,C>T,C,T,1,1,1
6519:C>T,SNV4,6519,C>T,C,T,2,2,2
6521:A>G,SNV4,6521,A>G,A,G,1,1,1
6531:G>A,SNV4,6531,G>A,G,A,1,1,1
6531:G>C,SNV4,6531,G>C,G,C,1,1,1
6532:G>A,SNV4,6532,G>A,G,A,3,3,3
6533:C>A,SNV4,6533,C>A,C,A,1,1,1
6534:T>del,SNV4,6534,T>del,T,del,1,1,1
6535:T>C,SNV4,6535,T>C,T,C,1,1,1
6536:C>T,SNV4,6536,C>T,C,T,2,3,6
6537:A>G,SNV4,6537,A>G,A,G,2,2,2
6539:C>A,SNV4,6539,C>A,C,A,1,1,1
6539:C>T,SNV4,6539,C>T,C,T,1,1,1
6540:C>A,SNV4,6540,C>A,C,A,3,3,3
6541:T>C,SNV4,6541,T>C,T,C,1,1,1
6542:A>G,SNV4,6542,A>G,A,G,1,2,4
6545:T>A,SNV4,6545,T>A,T,A,1,1,1
6545:T>C,SNV4,6545,T>C,T,C,2,3,3
7560:C>A,SNV9,7560,C>A,C,A,1,1,1
7560:C>G,SNV9,7560,C>G,C,G,1,1,1
7561:A>C,SNV9,7561,A>C,A,C,1,1,1
7561:A>G,SNV9,7561,A>G,A,G,2,2,2
7561:A>del,SNV9,7561,A>del,A,del,1,1,1
7564:A>G,SNV9,7564,A>G,A,G,2,2,2
7566:C>T,SNV9,7566,C>T,C,T,1,1,1
7567:A>G,SNV9,7567,A>G,A,G,1,1,1
7571:A>G,SNV9,7571,A>G,A,G,1,1,1
7572:A>G,SNV9,7572,A>G,A,G,3,3,3
7573:C>T,SNV9,7573,C>T,C,T,1,1,1
7575:G>A,SNV9,7575,G>A,G,A,2,2,2
7575:G>C,SNV9,7575,G>C,G,C,1,1,1
7578:C>A,SNV9,7578,C>A,C,A,1,1,1
7578:C>T,SNV9,7578,C>T,C,T,1,1,1
7581:G>C,SNV9,7581,G>C,G,C,1,1,1
7582:G>A,SNV9,7582,G>A,G,A,1,1,1
7583:T>C,SNV9,7583,T>C,T,C,2,3,3
7584:T>C,SNV9,7584,T>C,T,C,1,1,1
7586:T>C,SNV9,7586,T>C,T,C,1,1,1
7589:T>C,SNV9,7589,T>C,T,C,1,1,1
7589:T>G,SNV9,7589,T>G,T,G,1,1,1
7590:A>G,SNV9,7590,A>G,A,G,2,2,2
7591:T>C,SNV9,7591,T>C,T,C,1,1,1
7593:G>A,SNV9,7593,G>A,G,A,2,2,2
7595:C>T,SNV9,7595,C>T,C,T,2,2,2
7596:A>G,SNV9,7596,A>G,A,G,1,1,1
7599:G>A,SNV9,7599,G>A,G,A,1,1,1
7600:C>A,SNV9,7600,C>A,C,A,1,1,1
7601:T>C,SNV9,7601,T>C,T,C,2,2,2
7602:C>T,SNV9,7602,C>T,C,T,1,1,1
7603:T>C,SNV9,7603,T>C,T,C,1,1,1
7604:G>A,SNV9,7604,G>A,G,A,1,3,3
7606:A>G,SNV9,7606,A>G,A,G,1,1,1
7617:C>A,SNV9,7617,C>A,C,A,1,1,1
7617:C>T,SNV9,7617,C>T,C,T,1,2,2
7620:A>G,SNV9,7620,A>G,A,G,2,2,2
7623:A>G,SNV9,7623,A>G,A,G,1,1,1
7626:G>T,SNV9,7626,G>T,G,T,1,1,1
7628:T>C,SNV9,7628,T>C,T,C,2,2,2
7629:T>C,SNV9,7629,T>C,T,C,1,1,1
7632:T>C,SNV9,7632,T>C,T,C,2,2,2
7633:G>T,SNV9,7633,G>T,G,T,1,1,1
7634:C>T,SNV9,7634,C>T,C,T,1,1,1
7635:C>A,SNV9,7635,C>A,C,A,2,2,2
7635:C>T,SNV9,7635,C>T,C,T,1,1,1
7636:C>A,SNV9,7636,C>A,C,A,1,1,1
7636:C>T,SNV9,7636,C>T,C,T,1,1,1
7637:A>G,SNV9,7637,A>G,A,G,1,1,1
7641:T>C,SNV9,7641,T>C,T,C,2,2,2
7645:A>G,SNV9,7645,A>G,A,G,1,2,2
7646:G>A,SNV9,7646,G>A,G,A,1,1,1
7646:G>T,SNV9,7646,G>T,G,T,1,1,1
7648:A>G,SNV9,7648,A>G,A,G,1,1,1
7649:A>G,SNV9,7649,A>G,A,G,1,1,1
7651:G>A,SNV9,7651,G>A,G,A,1,1,1
7653:T>C,SNV9,7653,T>C,T,C,3,4,4
7653:T>G,SNV9,7653,T>G,T,G,1,1,1
7654:T>C,SNV9,7654,T>C,T,C,1,1,1
7655:C>T,SNV9,7655,C>T,C,T,1,2,2
7656:C>T,SNV9,7656,C>T,C,T,3,3,3
7657:A>G,SNV9,7657,A>G,A,G,1,1,1
7658:C>T,SNV9,7658,C>T,C,T,1,1,1
7659:T>C,SNV9,7659,T>C,T,C,1,1,1
7660:A>G,SNV9,7660,A>G,A,G,2,2,2
7660:A>del,SNV9,7660,A>del,A,del,1,1,1
7665:A>G,SNV9,7665,A>G,A,G,1,1,1
7666:T>C,SNV9,7666,T>C,T,C,2,2,3
7669:C>A,SNV9,7669,C>A,C,A,1,1,1
7670:G>T,SNV9,7670,G>T,G,T,1,1,1
7672:A>G,SNV9,7672,A>G,A,G,2,2,2
7673:A>G,SNV9,7673,A>G,A,G,1,1,1
8908:T>C,SNV3,8908,T>C,T,C,1,1,2
8910:T>C,SNV3,8910,T>C,T,C,2,2,3
8911:A>G,SNV3,8911,A>G,A,G,1,1,2
8912:T>C,SNV3,8912,T>C,T,C,3,4,6
8913:C>A,SNV3,8913,C>A,C,A,2,2,2
8913:C>T,SNV3,8913,C>T,C,T,1,1,2
8914:A>G,SNV3,8914,A>G,A,G,3,5,6
8918:T>C,SNV3,8918,T>C,T,C,1,1,2
8919:A>G,SNV3,8919,A>G,A,G,1,1,1
8920:G>A,SNV3,8920,G>A,G,A,1,1,1
8923:T>A,SNV3,8923,T>A,T,A,1,1,2
8924:C>T,SNV3,8924,C>T,C,T,2,2,2
8926:T>C,SNV3,8926,T>C,T,C,2,2,3
8927:A>G,SNV3,8927,A>G,A,G,3,4,5
8928:C>T,SNV3,8928,C>T,C,T,1,2,2
8929:C>T,SNV3,8929,C>T,C,T,2,2,2
8930:A>G,SNV3,8930,A>G,A,G,2,4,4
8931:A>G,SNV3,8931,A>G,A,G,1,1,2
8932:C>T,SNV3,8932,C>T,C,T,3,4,4
8935:A>G,SNV3,8935,A>G,A,G,2,3,3
8936:T>C,SNV3,8936,T>C,T,C,3,5,6
8938:A>G,SNV3,8938,A>G,A,G,1,1,1
8940:C>T,SNV3,8940,C>T,C,T,1,1,2
8941:T>C,SNV3,8941,T>C,T,C,1,1,2
8942:A>G,SNV3,8942,A>G,A,G,2,2,2
8943:G>C,SNV3,8943,G>C,G,C,1,1,1
8944:G>A,SNV3,8944,G>A,G,A,1,1,2
8945:A>G,SNV3,8945,A>G,A,G,1,2,2
8949:T>C,SNV3,8949,T>C,T,C,2,3,4
8950:G>A,SNV3,8950,G>A,G,A,1,2,2
8952:T>C,SNV3,8952,T>C,T,C,1,2,2
8954:A>G,SNV3,8954,A>G,A,G,2,3,4
8955:C>T,SNV3,8955,C>T,C,T,2,2,2
8957:T>C,SNV3,8957,T>C,T,C,2,3,3
8958:C>T,SNV3,8958,C>T,C,T,1,1,1
8959:C>T,SNV3,8959,C>T,C,T,2,2,2
8960:A>C,SNV3,8960,A>C,A,C,1,1,1
8960:A>G,SNV3,8960,A>G,A,G,4,6,9
8961:A>G,SNV3,8961,A>G,A,G,3,4,5
8961:A>T,SNV3,8961,A>T,A,T,1,1,1
8962:C>T,SNV3,8962,C>T,C,T,2,2,2
8963:A>G,SNV3,8963,A>G,A,G,2,4,5
8964:G>A,SNV3,8964,G>A,G,A,1,1,1
8964:G>T,SNV3,8964,G>T,G,T,1,1,1
8966:A>G,SNV3,8966,A>G,A,G,1,2,2
8968:T>C,SNV3,8968,T>C,T,C,1,1,1
8970:T>C,SNV3,8970,T>C,T,C,1,1,2
8972:A>G,SNV3,8972,A>G,A,G,3,4,4
8973:C>T,SNV3,8973,C>T,C,T,2,3,3
8974:C>T,SNV3,8974,C>T,C,T,1,1,2
8975:A>G,SNV3,8975,A>G,A,G,4,4,7
8977:T>C,SNV3,8977,T>C,T,C,1,1,2
8978:T>C,SNV3,8978,T>C,T,C,1,1,2
8980:A>G,SNV3,8980,A>G,A,G,2,2,2
8981:C>T,SNV3,8981,C>T,C,T,1,1,1
8982:C>A,SNV3,8982,C>A,C,A,1,1,1
8982:C>T,SNV3,8982,C>T,C,T,3,3,6
8983:C>T,SNV3,8983,C>T,C,T,2,3,3
8984:T>A,SNV3,8984,T>A,T,A,1,2,2
8986:T>C,SNV3,8986,T>C,T,C,3,4,4
8987:A>G,SNV3,8987,A>G,A,G,1,1,1
8988:G>A,SNV3,8988,G>A,G,A,1,1,1
8989:A>G,SNV3,8989,A>G,A,G,2,4,6
8990:A>G,SNV3,8990,A>G,A,G,5,6,6
8990:A>T,SNV3,8990,A>T,A,T,1,1,1
8992:T>C,SNV3,8992,T>C,T,C,2,3,3
8993:C>A,SNV3,8993,C>A,C,A,1,1,1
8993:C>T,SNV3,8993,C>T,C,T,1,1,1
8993:C>del,SNV3,8993,C>del,C,del,1,1,2
8994:C>A,SNV3,8994,C>A,C,A,1,1,1
8994:C>T,SNV3,8994,C>T,C,T,1,1,1
8996:A>G,SNV3,8996,A>G,A,G,2,2,2
9002:T>C,SNV3,9002,T>C,T,C,1,2,2
9004:A>C,SNV3,9004,A>C,A,C,1,1,1
9007:C>T,SNV3,9007,C>T,C,T,1,1,2
9008:T>C,SNV3,9008,T>C,T,C,2,3,6
9009:T>C,SNV3,9009,T>C,T,C,3,3,5
9010:C>T,SNV3,9010,C>T,C,T,2,2,2
9011:A>G,SNV3,9011,A>G,A,G,1,2,3
9012:G>A,SNV3,9012,G>A,G,A,1,1,2
9012:G>T,SNV3,9012,G>T,G,T,1,1,1
9013:T>C,SNV3,9013,T>C,T,C,1,1,1
9015:C>T,SNV3,9015,C>T,C,T,2,5,6
9016:T>C,SNV3,9016,T>C,T,C,3,3,4
9017:T>C,SNV3,9017,T>C,T,C,2,2,2
9019:T>C,SNV3,9019,T>C,T,C,2,2,2
9019:T>G,SNV3,9019,T>G,T,G,1,2,2
9020:A>G,SNV3,9020,A>G,A,G,1,2,2
9027:G>A,SNV3,9027,G>A,G,A,11,85,1135
9027:G>C,SNV3,9027,G>C,G,C,1,1,1
9027:G>T,SNV3,9027,G>T,G,T,2,2,2
9373:T>C,SNV1,9373,T>C,T,C,2,2,4
9373:T>G,SNV1,9373,T>G,T,G,3,3,3
9374:T>G,SNV1,9374,T>G,T,G,1,1,1
9376:A>C,SNV1,9376,A>C,A,C,1,1,1
9376:A>G,SNV1,9376,A>G,A,G,1,1,1
9377:T>G,SNV1,9377,T>G,T,G,1,1,1
9378:T>C,SNV1,9378,T>C,T,C,2,2,2
9381:T>C,SNV1,9381,T>C,T,C,2,2,2
9383:A>G,SNV1,9383,A>G,A,G,3,4,5
9384:G>A,SNV1,9384,G>A,G,A,1,1,1
9386:A>G,SNV1,9386,A>G,A,G,1,1,1
9387:T>C,SNV1,9387,T>C,T,C,2,3,4
9388:C>A,SNV1,9388,C>A,C,A,1,1,1
9388:C>T,SNV1,9388,C>T,C,T,1,1,2
9390:T>C,SNV1,9390,T>C,T,C,2,2,2
9391:A>G,SNV1,9391,A>G,A,G,3,3,4
9393:T>C,SNV1,9393,T>C,T,C,3,3,5
9393:T>G,SNV1,9393,T>G,T,G,1,1,1
9394:C>T,SNV1,9394,C>T,C,T,1,1,1
9395:C>T,SNV1,9395,C>T,C,T,1,1,1
9396:C>A,SNV1,9396,C>A,C,A,2,3,6
9396:C>T,SNV1,9396,C>T,C,T,1,1,1
9397:T>C,SNV1,9397,T>C,T,C,1,1,1
9398:T>C,SNV1,9398,T>C,T,C,1,1,1
9399:A>G,SNV1,9399,A>G,A,G,1,1,1
9400:G>A,SNV1,9400,G>A,G,A,1,1,1
9401:T>C,SNV1,9401,T>C,T,C,1,2,2
9402:A>G,SNV1,9402,A>G,A,G,1,2,2
9404:A>G,SNV1,9404,A>G,A,G,3,4,4
9406:T>C,SNV1,9406,T>C,T,C,1,1,1
9409:A>G,SNV1,9409,A>G,A,G,2,2,2
9413:A>G,SNV1,9413,A>G,A,G,1,1,1
9414:A>G,SNV1,9414,A>G,A,G,1,1,1
9416:T>C,SNV1,9416,T>C,T,C,5,5,6
9417:G>A,SNV1,9417,G>A,G,A,1,1,1
9418:A>G,SNV1,9418,A>G,A,G,4,5,5
9419:C>A,SNV1,9419,C>A,C,A,1,1,2
9419:C>T,SNV1,9419,C>T,C,T,7,9,10
9420:T>C,SNV1,9420,T>C,T,C,4,4,4
9421:T>C,SNV1,9421,T>C,T,C,1,1,1
9422:C>T,SNV1,9422,C>T,C,T,1,1,1
9423:C>A,SNV1,9423,C>A,C,A,1,1,1
9423:C>T,SNV1,9423,C>T,C,T,3,4,4
9424:A>G,SNV1,9424,A>G,A,G,1,2,2
9424:A>T,SNV1,9424,A>T,A,T,1,1,1
9426:T>C,SNV1,9426,T>C,T,C,4,4,5
9428:A>G,SNV1,9428,A>G,A,G,3,4,6
9430:T>C,SNV1,9430,T>C,T,C,2,2,2
9431:A>G,SNV1,9431,A>G,A,G,2,2,2
9432:G>T,SNV1,9432,G>T,G,T,1,1,1
9433:A>G,SNV1,9433,A>G,A,G,1,1,1
9434:T>C,SNV1,9434,T>C,T,C,1,1,1
9435:T>C,SNV1,9435,T>C,T,C,2,2,3
9436:C>T,SNV1,9436,C>T,C,T,1,2,2
9437:T>C,SNV1,9437,T>C,T,C,2,2,2
9438:G>A,SNV1,9438,G>A,G,A,1,1,1
9438:G>T,SNV1,9438,G>T,G,T,1,1,1
9439:A>G,SNV1,9439,A>G,A,G,1,1,2
9440:A>G,SNV1,9440,A>G,A,G,1,1,1
9442:A>G,SNV1,9442,A>G,A,G,1,1,1
9443:A>G,SNV1,9443,A>G,A,G,2,4,4
9444:A>G,SNV1,9444,A>G,A,G,2,2,2
9445:C>T,SNV1,9445,C>T,C,T,1,1,1
9445:C>del,SNV1,9445,C>del,C,del,2,2,2
9446:C>A,SNV1,9446,C>A,C,A,2,2,2
9446:C>T,SNV1,9446,C>T,C,T,2,3,3
9447:C>A,SNV1,9447,C>A,C,A,2,2,2
9447:C>T,SNV1,9447,C>T,C,T,2,2,2
9448:A>G,SNV1,9448,A>G,A,G,2,3,3
9448:A>T,SNV1,9448,A>T,A,T,1,1,1
9451:A>C,SNV1,9451,A>C,A,C,1,1,2
9451:A>G,SNV1,9451,A>G,A,G,4,7,8
9453:A>G,SNV1,9453,A>G,A,G,5,5,7
9454:G>A,SNV1,9454,G>A,G,A,1,1,1
9454:G>T,SNV1,9454,G>T,G,T,1,1,1
9455:A>G,SNV1,9455,A>G,A,G,3,3,4
9457:T>C,SNV1,9457,T>C,T,C,5,12,21
9459:A>G,SNV1,9459,A>G,A,G,3,5,5
9461:T>A,SNV1,9461,T>A,T,A,1,1,1
9461:T>C,SNV1,9461,T>C,T,C,13,100,1157
9463:A>C,SNV1,9463,A>C,A,C,1,1,1
9463:A>G,SNV1,9463,A>G,A,G,3,3,3
9464:C>G,SNV1,9464,C>G,C,G,1,1,1
9464:C>T,SNV1,9464,C>T,C,T,2,2,2
9465:C>T,SNV1,9465,C>T,C,T,1,1,2
9466:T>A,SNV1,9466,T>A,T,A,1,1,1
9466:T>C,SNV1,9466,T>C,T,C,2,2,2
9467:G>A,SNV1,9467,G>A,G,A,2,2,2
9468:T>C,SNV1,9468,T>C,T,C,3,3,4
9469:A>G,SNV1,9469,A>G,A,G,2,3,3
9470:C>T,SNV1,9470,C>T,C,T,1,1,1
9471:A>G,SNV1,9471,A>G,A,G,1,1,1
9473:T>C,SNV1,9473,T>C,T,C,1,1,1
9474:G>A,SNV1,9474,G>A,G,A,1,1,1
9474:G>C,SNV1,9474,G>C,G,C,1,1,1
9475:T>C,SNV1,9475,T>C,T,C,6,13,13
9476:T>C,SNV1,9476,T>C,T,C,2,2,2
9477:A>G,SNV1,9477,A>G,A,G,1,1,1
9478:T>C,SNV1,9478,T>C,T,C,2,2,2
9479:C>T,SNV1,9479,C>T,C,T,1,1,2
9480:T>C,SNV1,9480,T>C,T,C,3,3,3
9481:T>C,SNV1,9481,T>C,T,C,1,1,1
9485:T>C,SNV1,9485,T>C,T,C,1,1,1
12803:A>T,SNV2,12803,A>T,A,T,2,2,2
12805:A>C,SNV2,12805,A>C,A,C,1,1,1
12805:A>G,SNV2,12805,A>G,A,G,1,1,1
12808:T>C,SNV2,12808,T>C,T,C,1,1,1
12809:C>T,SNV2,12809,C>T,C,T,3,3,3
12810:C>T,SNV2,12810,C>T,C,T,1,1,1
12811:G>A,SNV2,12811,G>A,G,A,3,5,6
12811:G>T,SNV2,12811,G>T,G,T,2,2,4
12814:A>C,SNV2,12814,A>C,A,C,1,1,1
12814:A>G,SNV2,12814,A>G,A,G,1,1,1
12815:A>G,SNV2,12815,A>G,A,G,1,1,1
12816:A>G,SNV2,12816,A>G,A,G,1,1,1
12821:A>G,SNV2,12821,A>G,A,G,2,2,2
12822:A>G,SNV2,12822,A>G,A,G,4,4,4
12823:A>G,SNV2,12823,A>G,A,G,2,2,2
12826:T>C,SNV2,12826,T>C,T,C,1,1,1
12828:A>G,SNV2,12828,A>G,A,G,2,3,4
12829:C>T,SNV2,12829,C>T,C,T,1,1,1
12831:A>G,SNV2,12831,A>G,A,G,1,1,1
12836:C>A,SNV2,12836,C>A,C,A,1,1,1
12837:A>G,SNV2,12837,A>G,A,G,1,1,1
12838:T>C,SNV2,12838,T>C,T,C,3,3,4
12839:A>G,SNV2,12839,A>G,A,G,1,1,1
12842:A>T,SNV2,12842,A>T,A,T,1,1,1
12846:A>G,SNV2,12846,A>G,A,G,3,3,3
12847:C>T,SNV2,12847,C>T,C,T,1,2,2
12848:A>G,SNV2,12848,A>G,A,G,1,1,1
12852:T>C,SNV2,12852,T>C,T,C,2,2,3
12854:A>G,SNV2,12854,A>G,A,G,1,1,1
12855:T>C,SNV2,12855,T>C,T,C,1,1,1
12855:T>G,SNV2,12855,T>G,T,G,1,1,1
12857:C>A,SNV2,12857,C>A,C,A,1,1,1
12858:C>A,SNV2,12858,C>A,C,A,1,1,1
12858:C>T,SNV2,12858,C>T,C,T,1,1,1
12859:T>C,SNV2,12859,T>C,T,C,1,1,1
12860:A>G,SNV2,12860,A>G,A,G,1,1,1
12861:G>A,SNV2,12861,G>A,G,A,1,2,2
12862:T>A,SNV2,12862,T>A,T,A,1,1,1
12864:A>G,SNV2,12864,A>G,A,G,1,1,1
12865:T>C,SNV2,12865,T>C,T,C,1,1,1
12866:C>T,SNV2,12866,C>T,C,T,3,3,3
12867:G>A,SNV2,12867,G>A,G,A,1,1,1
12868:G>T,SNV2,12868,G>T,G,T,1,1,1
12869:A>G,SNV2,12869,A>G,A,G,1,1,1
12870:A>G,SNV2,12870,A>G,A,G,1,1,1
12871:G>A,SNV2,12871,G>A,G,A,1,1,1
12874:T>C,SNV2,12874,T>C,T,C,3,4,4
12875:C>G,SNV2,12875,C>G,C,G,1,1,1
12875:C>T,SNV2,12875,C>T,C,T,1,1,1
12877:C>T,SNV2,12877,C>T,C,T,2,2,2
12879:C>A,SNV2,12879,C>A,C,A,1,1,1
12880:T>C,SNV2,12880,T>C,T,C,1,1,1
12883:C>T,SNV2,12883,C>T,C,T,1,1,1
12884:A>G,SNV2,12884,A>G,A,G,1,1,1
12884:A>T,SNV2,12884,A>T,A,T,1,1,1
12887:A>G,SNV2,12887,A>G,A,G,1,1,1
12890:A>G,SNV2,12890,A>G,A,G,1,1,1
12901:C>T,SNV2,12901,C>T,C,T,2,2,2
12902:A>G,SNV2,12902,A>G,A,G,1,1,1
12905:G>A,SNV2,12905,G>A,G,A,1,1,1
12906:T>C,SNV2,12906,T>C,T,C,2,4,4
12907:T>C,SNV2,12907,T>C,T,C,2,3,3
12915:A>C,SNV2,12915,A>C,A,C,1,1,1
12916:A>C,SNV2,12916,A>C,A,C,1,1,1
12917:A>G,SNV2,12917,A>G,A,G,1,1,1
12917:A>T,SNV2,12917,A>T,A,T,1,1,1
12919:A>G,SNV2,12919,A>G,A,G,2,2,2
13723:A>C,SNV6,13723,A>C,A,C,1,2,2
13723:A>G,SNV6,13723,A>G,A,G,2,2,2
13724:T>C,SNV6,13724,T>C,T,C,2,2,2
13726:A>G,SNV6,13726,A>G,A,G,1,1,1
13727:A>G,SNV6,13727,A>G,A,G,3,4,4
13728:T>C,SNV6,13728,T>C,T,C,3,3,3
13729:T>C,SNV6,13729,T>C,T,C,2,2,2
13732:T>C,SNV6,13732,T>C,T,C,2,2,3
13733:C>A,SNV6,13733,C>A,C,A,1,1,1
13733:C>T,SNV6,13733,C>T,C,T,1,1,1
13735:A>G,SNV6,13735,A>G,A,G,1,1,1
13736:A>G,SNV6,13736,A>G,A,G,2,2,3
13737:C>T,SNV6,13737,C>T,C,T,1,2,2
13738:T>C,SNV6,13738,T>C,T,C,1,3,4
13739:T>C,SNV6,13739,T>C,T,C,1,1,1
13740:C>T,SNV6,13740,C>T,C,T,2,4,4
13741:A>G,SNV6,13741,A>G,A,G,3,3,3
13742:T>C,SNV6,13742,T>C,T,C,2,2,2
13743:C>A,SNV6,13743,C>A,C,A,1,1,1
13743:C>T,SNV6,13743,C>T,C,T,1,1,2
13744:A>G,SNV6,13744,A>G,A,G,3,5,5
13744:A>T,SNV6,13744,A>T,A,T,1,1,1
13745:T>C,SNV6,13745,T>C,T,C,2,3,3
13746:A>G,SNV6,13746,A>G,A,G,3,3,3
13747:A>G,SNV6,13747,A>G,A,G,6,14,19
13749:A>G,SNV6,13749,A>G,A,G,3,3,3
13750:A>G,SNV6,13750,A>G,A,G,1,1,1
13751:T>C,SNV6,13751,T>C,T,C,2,2,2
13752:T>C,SNV6,13752,T>C,T,C,2,2,2
13754:A>C,SNV6,13754,A>C,A,C,1,1,1
13754:A>G,SNV6,13754,A>G,A,G,3,3,3
13755:G>A,SNV6,13755,G>A,G,A,3,3,4
13755:G>T,SNV6,13755,G>T,G,T,2,2,2
13756:C>T,SNV6,13756,C>T,C,T,1,1,1
13757:A>G,SNV6,13757,A>G,A,G,3,6,8
13758:C>T,SNV6,13758,C>T,C,T,1,1,1
13759:A>G,SNV6,13759,A>G,A,G,1,2,3
13760:C>T,SNV6,13760,C>T,C,T,5,26,47
13761:A>G,SNV6,13761,A>G,A,G,1,1,1
13762:A>G,SNV6,13762,A>G,A,G,2,3,3
13763:A>G,SNV6,13763,A>G,A,G,5,7,12
13764:T>C,SNV6,13764,T>C,T,C,1,3,3
13765:T>G,SNV6,13765,T>G,T,G,1,1,1
13766:A>G,SNV6,13766,A>G,A,G,1,1,1
13766:A>del,SNV6,13766,A>del,A,del,10,22,30
13767:A>G,SNV6,13767,A>G,A,G,3,3,3
13767:A>T,SNV6,13767,A>T,A,T,1,1,1
13768:A>G,SNV6,13768,A>G,A,G,1,1,1
13769:A>G,SNV6,13769,A>G,A,G,2,2,2
13770:A>G,SNV6,13770,A>G,A,G,1,1,1
13771:A>G,SNV6,13771,A>G,A,G,2,2,2
13772:A>C,SNV6,13772,A>C,A,C,1,1,2
13772:A>G,SNV6,13772,A>G,A,G,2,2,3
13774:C>T,SNV6,13774,C>T,C,T,1,1,1
13778:A>G,SNV6,13778,A>G,A,G,1,1,1
13779:T>C,SNV6,13779,T>C,T,C,3,3,4
13780:A>G,SNV6,13780,A>G,A,G,3,3,3
13783:C>A,SNV6,13783,C>A,C,A,1,1,1
13784:A>G,SNV6,13784,A>G,A,G,4,6,6
13785:C>T,SNV6,13785,C>T,C,T,4,4,4
13785:C>del,SNV6,13785,C>del,C,del,3,3,3
13786:C>A,SNV6,13786,C>A,C,A,4,6,6
13786:C>T,SNV6,13786,C>T,C,T,4,5,6
13787:C>T,SNV6,13787,C>T,C,T,4,4,4
13788:C>A,SNV6,13788,C>A,C,A,3,3,3
13788:C>G,SNV6,13788,C>G,C,G,1,1,2
13788:C>T,SNV6,13788,C>T,C,T,3,6,6
13789:C>A,SNV6,13789,C>A,C,A,5,6,6
13789:C>T,SNV6,13789,C>T,C,T,2,2,2
13790:A>G,SNV6,13790,A>G,A,G,3,3,3
13793:A>G,SNV6,13793,A>G,A,G,1,1,1
13796:A>G,SNV6,13796,A>G,A,G,1,1,1
13796:A>del,SNV6,13796,A>del,A,del,5,7,7
13797:A>C,SNV6,13797,A>C,A,C,1,1,1
13797:A>G,SNV6,13797,A>G,A,G,1,1,1
13798:A>G,SNV6,13798,A>G,A,G,1,1,1
13801:A>G,SNV6,13801,A>G,A,G,4,4,5
13802:C>A,SNV6,13802,C>A,C,A,1,1,1
13802:C>T,SNV6,13802,C>T,C,T,2,2,2
13803:C>A,SNV6,13803,C>A,C,A,1,1,1
13803:C>T,SNV6,13803,C>T,C,T,2,2,2
13804:C>A,SNV6,13804,C>A,C,A,2,2,2
13804:C>T,SNV6,13804,C>T,C,T,1,1,1
13805:A>del,SNV6,13805,A>del,A,del,2,2,3
13806:A>G,SNV6,13806,A>G,A,G,1,2,2
13807:A>G,SNV6,13807,A>G,A,G,2,2,2
13809:T>C,SNV6,13809,T>C,T,C,1,1,1
13812:A>C,SNV6,13812,A>C,A,C,1,1,1
13812:A>G,SNV6,13812,A>G,A,G,1,2,2
13813:T>C,SNV6,13813,T>C,T,C,2,2,3
13813:T>G,SNV6,13813,T>G,T,G,1,1,1
13814:C>T,SNV6,13814,C>T,C,T,2,3,3
13815:A>G,SNV6,13815,A>G,A,G,2,2,3
13816:G>A,SNV6,13816,G>A,G,A,1,1,1
13817:T>C,SNV6,13817,T>C,T,C,2,2,2
13818:T>A,SNV6,13818,T>A,T,A,1,1,1
13820:G>A,SNV6,13820,G>A,G,A,2,3,3
13820:G>T,SNV6,13820,G>T,G,T,1,1,1
13821:A>G,SNV6,13821,A>G,A,G,2,3,4
13822:T>C,SNV6,13822,T>C,T,C,2,2,2
13823:C>A,SNV6,13823,C>A,C,A,1,1,1
13824:C>A,SNV6,13824,C>A,C,A,1,1,1
13824:C>T,SNV6,13824,C>T,C,T,1,1,1
13825:C>T,SNV6,13825,C>T,C,T,2,2,2
13826:C>A,SNV6,13826,C>A,C,A,1,2,2
13826:C>T,SNV6,13826,C>T,C,T,1,2,2
13827:A>T,SNV6,13827,A>T,A,T,1,1,2
13828:A>G,SNV6,13828,A>G,A,G,1,1,1
13829:G>A,SNV6,13829,G>A,G,A,1,1,1
13830:T>C,SNV6,13830,T>C,T,C,1,1,1
13831:C>A,SNV6,13831,C>A,C,A,1,1,1
13831:C>T,SNV6,13831,C>T,C,T,1,1,1
13832:T>C,SNV6,13832,T>C,T,C,3,4,4
13833:C>A,SNV6,13833,C>A,C,A,1,2,2
13834:T>C,SNV6,13834,T>C,T,C,3,4,4
13835:G>A,SNV6,13835,G>A,G,A,2,2,2
13835:G>C,SNV6,13835,G>C,G,C,1,1,1
13835:G>T,SNV6,13835,G>T,G,T,2,2,2
13836:G>A,SNV6,13836,G>A,G,A,1,1,1
13836:G>T,SNV6,13836,G>T,G,T,1,1,1
15175:A>G,SNV11,15175,A>G,A,G,1,1,1
15178:A>G,SNV11,15178,A>G,A,G,1,1,1
15189:A>G,SNV11,15189,A>G,A,G,2,2,2
15197:C>T,SNV11,15197,C>T,C,T,2,2,2
15200:A>G,SNV11,15200,A>G,A,G,1,1,1
15202:T>A,SNV11,15202,T>A,T,A,1,3,6
15211:T>C,SNV11,15211,T>C,T,C,1,1,1
15213:T>C,SNV11,15213,T>C,T,C,1,1,1
15215:A>G,SNV11,15215,A>G,A,G,1,1,4
15219:T>C,SNV11,15219,T>C,T,C,1,1,1
15221:C>A,SNV11,15221,C>A,C,A,1,1,1
15238:T>C,SNV11,15238,T>C,T,C,1,1,1
15240:A>G,SNV11,15240,A>G,A,G,1,1,1
15241:T>C,SNV11,15241,T>C,T,C,1,1,1
15243:C>G,SNV11,15243,C>G,C,G,1,1,1
15244:C>T,SNV11,15244,C>T,C,T,1,1,1
15246:A>G,SNV11,15246,A>G,A,G,1,1,1
15260:C>T,SNV11,15260,C>T,C,T,1,1,1
15263:A>G,SNV11,15263,A>G,A,G,1,1,1
15264:G>A,SNV11,15264,G>A,G,A,1,1,1
15265:A>G,SNV11,15265,A>G,A,G,1,2,2
15266:C>T,SNV11,15266,C>T,C,T,1,1,2
15273:C>A,SNV11,15273,C>A,C,A,1,1,1
15275:A>G,SNV11,15275,A>G,A,G,1,1,1
15283:A>G,SNV11,15283,A>G,A,G,1,1,1
15286:C>T,SNV11,15286,C>T,C,T,1,1,1
16028:T>C,SNV8,16028,T>C,T,C,2,2,2
16031:G>A,SNV8,16031,G>A,G,A,1,1,1
16031:G>T,SNV8,16031,G>T,G,T,1,1,1
16033:C>T,SNV8,16033,C>T,C,T,1,1,1
16045:G>A,SNV8,16045,G>A,G,A,2,2,2
16047:T>C,SNV8,16047,T>C,T,C,2,2,2
16050:T>C,SNV8,16050,T>C,T,C,1,1,1
16052:A>G,SNV8,16052,A>G,A,G,2,2,2
16053:G>T,SNV8,16053,G>T,G,T,1,1,1
16054:A>G,SNV8,16054,A>G,A,G,1,1,1
16057:T>C,SNV8,16057,T>C,T,C,1,1,1
16059:A>G,SNV8,16059,A>G,A,G,1,1,1
16062:G>A,SNV8,16062,G>A,G,A,1,1,1
16063:C>T,SNV8,16063,C>T,C,T,1,1,1
16067:T>C,SNV8,16067,T>C,T,C,1,1,1
16069:A>G,SNV8,16069,A>G,A,G,2,2,2
16070:A>T,SNV8,16070,A>T,A,T,1,1,1
16073:C>T,SNV8,16073,C>T,C,T,5,5,6
16074:C>T,SNV8,16074,C>T,C,T,1,1,1
16080:T>C,SNV8,16080,T>C,T,C,1,1,1
16084:C>T,SNV8,16084,C>T,C,T,1,2,2
16090:A>G,SNV8,16090,A>G,A,G,1,1,1
16090:A>del,SNV8,16090,A>del,A,del,5,8,9
16091:A>G,SNV8,16091,A>G,A,G,2,2,2
16092:A>C,SNV8,16092,A>C,A,C,5,8,8
16093:C>T,SNV8,16093,C>T,C,T,1,1,1
16093:C>del,SNV8,16093,C>del,C,del,8,17,37
16094:C>A,SNV8,16094,C>A,C,A,2,2,2
16094:C>G,SNV8,16094,C>G,C,G,2,4,5
16094:C>T,SNV8,16094,C>T,C,T,2,4,4
16095:C>G,SNV8,16095,C>G,C,G,7,21,39
16095:C>T,SNV8,16095,C>T,C,T,2,5,5
16096:C>G,SNV8,16096,C>G,C,G,1,1,1
16096:C>T,SNV8,16096,C>T,C,T,4,5,5
16097:C>A,SNV8,16097,C>A,C,A,1,1,1
16097:C>T,SNV8,16097,C>T,C,T,1,1,2
16098:C>T,SNV8,16098,C>T,C,T,1,1,1
16099:A>C,SNV8,16099,A>C,A,C,10,28,82
16099:A>G,SNV8,16099,A>G,A,G,1,4,4
16099:A>del,SNV8,16099,A>del,A,del,10,23,55
16100:C>T,SNV8,16100,C>T,C,T,1,1,1
16101:C>T,SNV8,16101,C>T,C,T,1,1,1
16102:C>T,SNV8,16102,C>T,C,T,2,2,2
16105:T>G,SNV8,16105,T>G,T,G,10,28,87
16108:T>C,SNV8,16108,T>C,T,C,2,2,2
16108:T>G,SNV8,16108,T>G,T,G,10,27,86
16110:T>C,SNV8,16110,T>C,T,C,1,1,1
16110:T>G,SNV8,16110,T>G,T,G,10,27,78
16111:T>G,SNV8,16111,T>G,T,G,4,5,9
16113:A>C,SNV8,16113,A>C,A,C,2,2,2
16114:T>C,SNV8,16114,T>C,T,C,1,1,1
16118:A>C,SNV8,16118,A>C,A,C,6,12,26
16119:A>C,SNV8,16119,A>C,A,C,1,1,1
16120:A>C,SNV8,16120,A>C,A,C,6,9,12
16125:A>del,SNV8,16125,A>del,A,del,1,1,1
16133:T>A,SNV8,16133,T>A,T,A,9,22,52
16133:T>G,SNV8,16133,T>G,T,G,4,4,5
16140:T>A,SNV8,16140,T>A,T,A,9,21,59
16141:T>A,SNV8,16141,T>A,T,A,3,4,4
16141:T>C,SNV8,16141,T>C,T,C,1,1,1
